perc_correct_params,perc_density_correct,perc_directions_correct,perc_correct_cat_density,RMSE_density,NRMSE_density,point_pred_performance_density,directions_kappa,directions_f1,directions_mcc,sample_size,sample_method,summarise_runs,noise,datapoints
1.3131620776290827,1.9167051222888787,72.62038147977235,26.063908116699995,0.8875855765070305,0.031003301914707525,-42.061519686399535,0.45252525252525255,0.739172281039461,0.45475882860262734,198,full,full,clean,timepoints
1.615664334078741,2.828313747376064,66.35921493330365,27.168468090336315,1.015713933184671,0.03546940047289662,-46.268436704117285,0.3272727272727274,0.6890756302521008,0.33174440134851857,198,full,full,output noise,timepoints
2.5256410256410255,2.5256410256410255,72.21794871794872,20.692307692307693,2.0490702692027503,0.07084561175156488,-8.143437834513199,0.4444444444444444,0.7342995169082125,0.44629245426346875,198,full,summarised,clean,timepoints
2.5256410256410255,2.5256410256410255,64.17948717948718,24.743589743589745,2.3471271093561223,0.08106648312376832,-9.05975569431167,0.2828282828282829,0.6728110599078342,0.2881854393574164,198,full,summarised,output noise,timepoints
1.7202844774273347,2.5284065141207996,72.32104720676149,25.761719233147804,0.9244440293313553,0.032298022582870727,-43.424835504989964,0.44646464646464645,0.7380497131931167,0.4493494496730631,198,full,full,clean,endpoints
2.018705020771189,2.5263192339691587,69.2907778393583,26.070340421793116,1.025311923471597,0.035871924394844414,-46.89130992640036,0.3858585858585859,0.7110266159695818,0.38892138304959223,198,full,full,output noise,endpoints
2.5256410256410255,2.5256410256410255,72.16666666666667,23.71794871794872,2.0396453473451426,0.07054083834516747,-8.18296915880726,0.4444444444444444,0.7317073170731707,0.44555962543696015,198,full,summarised,clean,endpoints
3.5256410256410255,4.038461538461538,72.1923076923077,26.80769230769231,2.3047087174111422,0.07970234907228556,-8.798851427737679,0.4444444444444444,0.7342995169082125,0.44629245426346875,198,full,summarised,output noise,endpoints
