noise,perc_correct_params,perc_density_correct,perc_directions_correct,perc_correct_cat_density,RMSE_density,NRMSE_density,point_pred_performance_density,directions_kappa,directions_f1,directions_mcc,sample_size,sample_method,summarise_runs,datapoints,algorithm
clean,4.442034558785828,4.442034558785828,100,34.865800133312824,0.7469171509055644,0.026079532307897026,-33.734140262916,1,1,1.0000000000000002,198,full,full,timepoints,PLS
noise,2.122827257345024,2.122827257345024,100,29.30197918268984,0.879144481629633,0.03070149054622078,-39.74999583455401,1,1,1.0000000000000002,198,full,full,timepoints,PLS
clean,5.5256410256410255,5.5256410256410255,100,36.333333333333336,1.6910267433549595,0.05866226542270416,-6.0877249293903315,1,1,1,198,full,summarised,timepoints,PLS
noise,2.5256410256410255,2.5256410256410255,100,27.794871794871792,2.1494617480983362,0.07451208812598628,-8.182367071522584,1,1,1,198,full,summarised,timepoints,PLS
clean,3.33386668769165,3.33386668769165,100,33.942789886467665,0.7800022315378119,0.027272045918626368,-35.241857268413284,1,1,1.0000000000000002,198,full,full,endpoints,PLS
noise,2.525780726428636,2.525780726428636,100,25.353275117833952,0.9448551887596334,0.03300865539843718,-42.982426930281925,1,1,1.0000000000000002,198,full,full,endpoints,PLS
clean,4.551282051282051,4.551282051282051,100,32.84615384615385,1.6592455321425639,0.05759577223949416,-6.223057660715953,1,1,1,198,full,summarised,endpoints,PLS
noise,3.551282051282051,3.551282051282051,100,23.743589743589745,2.19315462531225,0.07600551164330471,-8.47144734035584,1,1,1,198,full,summarised,endpoints,PLS
