noise,perc_correct_params,perc_density_correct,perc_directions_correct,perc_correct_cat_density,RMSE_density,NRMSE_density,point_pred_performance_density,directions_kappa,directions_f1,directions_mcc,sample_size,sample_method,summarise_runs,datapoints
clean,1.3131620776290827,1.9167051222888787,72.62038147977235,26.063908116699995,0.8875855765070305,0.031003301914707525,-42.061519686399535,0.45252525252525255,0.739172281039461,0.45475882860262734,198,full,full,timepoints
noise,1.9202635491975595,3.132430908065426,72.62038147977235,27.881669486745633,1.0133873559599607,0.03540176994603533,-45.99951370648546,0.45252525252525255,0.739172281039461,0.45475882860262734,198,full,full,timepoints
clean,4.576923076923077,4.576923076923077,71.1923076923077,24.28205128205128,2.083692797956589,0.07205954968008117,-8.052706294054264,0.4242424242424243,0.7192118226600985,0.4247845318829358,198,full,summarised,timepoints
noise,4.551282051282051,5.064102564102564,71.1923076923077,28.294871794871796,2.4247730836694377,0.08393557417706905,-9.07647675014587,0.4242424242424243,0.7192118226600985,0.4247845318829358,198,full,summarised,timepoints
clean,1.3131620776290827,2.0222837512177616,71.82543198482284,25.869563656873304,0.9236935522628588,0.03245816547227779,-43.43375006537505,0.4363636363636363,0.7314725697786334,0.43851744186681924,198,full,full,endpoints
noise,1.0096344152181715,1.6151976618981696,71.82543198482284,25.664482387325027,1.0193218444298389,0.03577842480154541,-46.809146416763284,0.4363636363636363,0.7314725697786334,0.43851744186681924,198,full,full,endpoints
clean,3.5384615384615383,3.5384615384615383,72.26923076923077,24.243589743589745,2.0566943645367797,0.0712407605383523,-8.16815906056808,0.4444444444444444,0.7342995169082125,0.44629245426346875,198,full,summarised,endpoints
noise,1.0128205128205128,1.5128205128205128,72.26923076923077,25.230769230769234,2.3057026338217184,0.07965309668561325,-8.915785182306962,0.4444444444444444,0.7342995169082125,0.44629245426346875,198,full,summarised,endpoints
